epoch,time,train/box_loss,train/cls_loss,train/dfl_loss,train/classify_loss,metrics/precision(B),metrics/recall(B),metrics/mAP50(B),metrics/mAP50-95(B),top1_acc,top5_acc,f1_score,val/box_loss,val/cls_loss,val/dfl_loss,val/classify_loss,lr/pg0,lr/pg1,lr/pg2
1,558.038,3.41124,4.78158,3.04127,3.70684,0.27783,0.08581,0.05506,0.021,0.39037,0.66552,0.0108,2.47866,2.87105,2.15999,3.0715,0.00332731,0.00332731,0.00332731
2,1188.09,2.26581,2.68854,1.86341,2.56625,0.15981,0.13148,0.11226,0.04857,0.39037,0.69293,0.0108,2.14982,2.3131,1.79342,2.51812,0.0065947,0.0065947,0.0065947
